Name,Entry ID,Email
"Smith, John",ENT-001,john.smith@email.com
"Johnson, Sarah",ENT-002,sarah.j@email.com
"Brown, Michael",ENT-003,mbrown@email.com
"Davis, Emma",ENT-004,emma.davis@email.com
"Wilson, James",ENT-005,jwilson@email.com
"Miller, Ashley",ENT-006,ashley.m@email.com
"Moore, David",ENT-007,dmoore@email.com
"Taylor, Jessica",ENT-008,jtaylor@email.com
"Anderson, Chris",ENT-009,c.anderson@email.com
"Thomas, Amanda",ENT-010,athomas@email.com
"Jackson, Matt",ENT-011,mjackson@email.com
"White, Jennifer",ENT-012,jwhite@email.com
"Harris, Daniel",ENT-013,dharris@email.com
"Martin, Lisa",ENT-014,lmartin@email.com
"Thompson, Andrew",ENT-015,athompson@email.com
"Garcia, Nicole",ENT-016,ngarcia@email.com
"Martinez, Josh",ENT-017,jmartinez@email.com
"Robinson, Michelle",ENT-018,mrobinson@email.com
"Clark, Ryan",ENT-019,rclark@email.com
"Rodriguez, Stephanie",ENT-020,srodriguez@email.com
"Lewis, Kevin",ENT-021,klewis@email.com
"Lee, Rachel",ENT-022,rlee@email.com
"Walker, Brandon",ENT-023,bwalker@email.com
"Hall, Samantha",ENT-024,shall@email.com
"Allen, Tyler",ENT-025,tallen@email.com
"Young, Kimberly",ENT-026,kyoung@email.com
"Hernandez, Justin",ENT-027,jhernandez@email.com
"King, Lauren",ENT-028,lking@email.com
"Wright, Nathan",ENT-029,nwright@email.com
"Lopez, Brittany",ENT-030,blopez@email.com